Trace_Name,SSD_ID,Submitted_SubRequests,Completed_SubRequests,Submitted_Read_Sectors,Submitted_Write_Sectors,Attributed_Host_Write_Sectors,WAM_Host_Write_Sectors,WAM_Migration_Write_Sectors,WAM_Cumulative_Write_Sectors,Average_SubRequest_Latency_us,Bad_Block_Count,Pending_Retirement_Count,OP_Consumed_Block_Count,OP_Spare_Block_Limit,Current_Effective_OP_Ratio,EOL_Triggered,EOL_Time_ns,EOL_Bad_Block_Count,EOL_Effective_OP_Ratio,Min_Block_Erase_Count,Max_Block_Erase_Count,Total_Block_Erase_Count,Avg_Block_Erase_Count,StdDev_Block_Erase_Count,Flash_Page_Program_Count,Flash_Page_Erase_Count,Logical_Host_Write_Bytes_Attributed,Approx_Flash_Programmed_Bytes,Approx_Flash_Write_Amplification
prn0_proj0_compact,0,3416280,3416280,11699954,104742987,104742987,104742987,0,104742987,1872.827787,0,0,0,6554,0.200012,false,0,0,0.000000,0,14,4651,0.141937,0.829025,8324899,4651,53628409344,68197572608,1.271669
prn0_proj0_compact,1,2388261,2388261,11510225,100185516,100185516,100185516,0,100185516,1944.568209,0,0,0,6554,0.200012,false,0,0,0.000000,0,7,2262,0.069031,0.417361,7539282,2262,51294984192,61761798144,1.204051
prn0_proj0_compact,2,2471851,2471851,11804147,97293141,97293141,97293141,0,97293141,1955.812684,0,0,0,6554,0.200012,false,0,0,0.000000,0,6,1389,0.042389,0.316581,7433624,1389,49814088192,60896247808,1.222470
prn0_proj0_compact,3,2266451,2266451,11317939,96724277,96724277,96724277,0,96724277,1965.881583,0,0,0,6554,0.200012,false,0,0,0.000000,0,3,952,0.029053,0.213121,7227600,952,49522829824,59208499200,1.195580
prn0_prxy0_compact,0,8205894,8205894,8103155,63443708,63443708,63443708,0,63443708,1377.182962,0,0,0,6554,0.200012,false,0,0,0.000000,0,13,15032,0.458740,1.000522,10321963,15032,32483178496,84557520896,2.603117
prn0_prxy0_compact,1,4278090,4278090,8450891,50282204,50282204,50282204,0,50282204,1547.845429,0,0,0,6554,0.200012,false,0,0,0.000000,0,6,6552,0.199951,0.626705,6325917,6552,25744488448,51821912064,2.012932
prn0_prxy0_compact,2,2079926,2079926,8976099,45316533,45316533,45316533,0,45316533,2237.526326,0,0,0,6554,0.200012,false,0,0,0.000000,0,6,548,0.016724,0.225674,3980763,548,23202064896,32610410496,1.405496
prn0_prxy0_compact,3,3891254,3891254,8376533,50175041,50175041,50175041,0,50175041,1576.696623,0,0,0,6554,0.200012,false,0,0,0.000000,0,3,3930,0.119934,0.372905,5982356,3930,25689620992,49007460352,1.907675
prn0proj0_prxy0_compact,0,9616071,9616071,13134537,141011196,141011196,141011196,0,141011196,1310.505554,0,0,0,6554,0.200012,false,0,0,0.000000,0,18,31328,0.956055,1.560787,15790695,31328,72197732352,129357373440,1.791710
prn0proj0_prxy0_compact,1,5389793,5389793,13071897,125999561,125999561,125999561,0,125999561,1411.816854,0,0,0,6554,0.200012,false,0,0,0.000000,0,7,14754,0.450256,1.015458,11527351,14754,64511775232,94432059392,1.463796
prn0proj0_prxy0_compact,2,3269336,3269336,13566889,120693032,120693032,120693032,0,120693032,1742.205931,0,0,0,6554,0.200012,false,0,0,0.000000,0,7,5830,0.177917,0.517006,9222587,5830,61794832384,75551432704,1.222617
prn0proj0_prxy0_compact,3,4962110,4962110,12948020,124063277,124063277,124063277,0,124063277,1426.146406,0,0,0,6554,0.200012,false,0,0,0.000000,0,6,12828,0.391479,0.810923,11019403,12828,63520397824,90270949376,1.421133
prn_0,0,2030423,2030423,6919197,27859813,27859813,27859813,0,27859813,2561.177320,0,0,0,6554,0.200012,false,0,0,0.000000,0,13,1954,0.059631,0.584777,2920442,1954,14264224256,23924260864,1.677221
prn_0,1,1276558,1276558,6889219,24468159,24468159,24468159,0,24468159,2899.305697,0,0,0,6554,0.200012,false,0,0,0.000000,0,5,922,0.028137,0.261810,2343638,922,12527697408,19199082496,1.532531
prn_0,2,1258121,1258121,6962732,21232328,21232328,21232328,0,21232328,3015.826242,0,0,0,6554,0.200012,false,0,0,0.000000,0,5,443,0.013519,0.201542,2143106,443,10870951936,17556324352,1.614976
prn_0,3,1195595,1195595,6746452,22836041,22836041,22836041,0,22836041,2980.972357,0,0,0,6554,0.200012,false,0,0,0.000000,0,1,19,0.000580,0.024073,2196032,19,11692052992,17989894144,1.538643
prn_0_compact2,0,2030423,2030423,6919197,27859813,27859813,27859813,0,27859813,2561.177320,0,0,0,6554,0.200012,false,0,0,0.000000,0,13,1954,0.059631,0.584777,2920442,1954,14264224256,23924260864,1.677221
prn_0_compact2,1,1276558,1276558,6889219,24468159,24468159,24468159,0,24468159,2899.305697,0,0,0,6554,0.200012,false,0,0,0.000000,0,5,922,0.028137,0.261810,2343638,922,12527697408,19199082496,1.532531
prn_0_compact2,2,1258121,1258121,6962732,21232328,21232328,21232328,0,21232328,3015.826242,0,0,0,6554,0.200012,false,0,0,0.000000,0,5,443,0.013519,0.201542,2143106,443,10870951936,17556324352,1.614976
prn_0_compact2,3,1195595,1195595,6746452,22836041,22836041,22836041,0,22836041,2980.972357,0,0,0,6554,0.200012,false,0,0,0.000000,0,1,19,0.000580,0.024073,2196032,19,11692052992,17989894144,1.538643
prn_0_original,0,2030423,2030423,6919197,27859813,27859813,27859813,0,27859813,2562.169185,0,0,0,6554,0.200012,false,0,0,0.000000,0,13,2109,0.064362,0.608204,2920485,2109,14264224256,23924613120,1.677246
prn_0_original,1,1276558,1276558,6889219,24468159,24468159,24468159,0,24468159,2898.888107,0,0,0,6554,0.200012,false,0,0,0.000000,0,6,935,0.028534,0.259483,2343651,935,12527697408,19199188992,1.532539
prn_0_original,2,1258121,1258121,6962732,21232328,21232328,21232328,0,21232328,3016.268503,0,0,0,6554,0.200012,false,0,0,0.000000,0,5,443,0.013519,0.204250,2143103,443,10870951936,17556299776,1.614974
prn_0_original,3,1195595,1195595,6746452,22836041,22836041,22836041,0,22836041,2981.009674,0,0,0,6554,0.200012,false,0,0,0.000000,0,1,35,0.001068,0.032665,2196033,35,11692052992,17989902336,1.538644
prn_1,0,3136724,3136724,95464413,17061269,17061269,17061269,0,17061269,368.327998,0,0,0,6554,0.200012,false,0,0,0.000000,0,1,55,0.001678,0.040935,1533049,55,8735369728,12558737408,1.437688
prn_1,1,2989686,2989686,95219087,16220886,16220886,16220886,0,16220886,383.255706,0,0,0,6554,0.200012,false,0,0,0.000000,0,0,0,0.000000,0.000000,1436589,0,8305093632,11768537088,1.417026
prn_1,2,2835062,2835062,94374829,15350234,15350234,15350234,0,15350234,349.795537,0,0,0,6554,0.200012,false,0,0,0.000000,0,0,0,0.000000,0.000000,1349320,0,7859319808,11053629440,1.406436
prn_1,3,3000137,3000137,95260532,15928329,15928329,15928329,0,15928329,341.241301,0,0,0,6554,0.200012,false,0,0,0.000000,0,1,10,0.000305,0.017467,1414663,10,8155304448,11588919296,1.421028
prn_1_compact,0,3136724,3136724,95464413,17061269,17061269,17061269,0,17061269,368.296712,0,0,0,6554,0.200012,false,0,0,0.000000,0,1,55,0.001678,0.040935,1533050,55,8735369728,12558745600,1.437689
prn_1_compact,1,2989686,2989686,95219087,16220886,16220886,16220886,0,16220886,383.227738,0,0,0,6554,0.200012,false,0,0,0.000000,0,0,0,0.000000,0.000000,1436589,0,8305093632,11768537088,1.417026
prn_1_compact,2,2835062,2835062,94374829,15350234,15350234,15350234,0,15350234,349.770983,0,0,0,6554,0.200012,false,0,0,0.000000,0,0,0,0.000000,0.000000,1349320,0,7859319808,11053629440,1.406436
prn_1_compact,3,3000137,3000137,95260532,15928329,15928329,15928329,0,15928329,341.206868,0,0,0,6554,0.200012,false,0,0,0.000000,0,1,10,0.000305,0.017467,1414663,10,8155304448,11588919296,1.421028
proj0_prxy0_compact,0,4560589,4560589,5891901,110547550,110547550,110547550,0,110547550,954.423619,0,0,0,6554,0.200012,false,0,0,0.000000,0,9,11146,0.340149,0.946872,10104897,11146,56600345600,82779316224,1.462523
proj0_prxy0_compact,1,4113235,4113235,6182678,101531402,101531402,101531402,0,101531402,937.210820,0,0,0,6554,0.200012,false,0,0,0.000000,0,7,8801,0.268585,0.813461,9175141,8801,51984077824,75162755072,1.445880
proj0_prxy0_compact,2,2210558,2210558,7764621,111947326,111947326,111947326,0,111947326,943.735788,0,0,0,6554,0.200012,false,0,0,0.000000,0,3,2708,0.082642,0.339291,7939016,2708,57317030912,65036419072,1.134679
proj0_prxy0_compact,3,6592231,6592231,5364543,91344447,91344447,91344447,0,91344447,1064.917774,0,0,0,6554,0.200012,false,0,0,0.000000,0,11,14216,0.433838,0.923274,10700890,14216,46768356864,87661690880,1.874380
proj_0,0,1295584,1295584,5181050,69425647,69425647,69425647,0,69425647,840.686802,0,0,0,6554,0.200012,false,0,0,0.000000,0,10,973,0.029694,0.406930,4894784,973,35545931264,40098070528,1.128064
proj_0,1,1111703,1111703,4621006,75717357,75717357,75717357,0,75717357,840.271747,0,0,0,6554,0.200012,false,0,0,0.000000,0,2,153,0.004669,0.078181,5194928,153,38767286784,42556850176,1.097752
proj_0,2,909844,909844,3812296,50441853,50441853,50441853,0,50441853,848.877353,0,0,0,6554,0.200012,false,0,0,0.000000,0,1,22,0.000671,0.025902,3566636,22,25826228736,29217882112,1.131326
proj_0,3,1465015,1465015,5200313,106964723,106964723,106964723,0,106964723,935.176038,0,0,0,6554,0.200012,false,0,0,0.000000,0,2,189,0.005768,0.084127,7262621,189,54765938176,59495391232,1.086358
proj_0_compact,0,1308188,1308188,5235932,70760156,70760156,70760156,0,70760156,842.169007,0,0,0,6554,0.200012,false,0,0,0.000000,0,11,965,0.029449,0.415849,4980633,965,36229199872,40801345536,1.126201
proj_0_compact,1,1111703,1111703,4621006,75717357,75717357,75717357,0,75717357,840.324931,0,0,0,6554,0.200012,false,0,0,0.000000,0,2,175,0.005341,0.084517,5194928,175,38767286784,42556850176,1.097752
proj_0_compact,2,946265,946265,3873834,54004944,54004944,54004944,0,54004944,845.438503,0,0,0,6554,0.200012,false,0,0,0.000000,0,1,30,0.000916,0.030244,3802049,30,27650531328,31146385408,1.126430
proj_0_compact,3,1415990,1415990,5083893,102067123,102067123,102067123,0,102067123,908.946922,0,0,0,6554,0.200012,false,0,0,0.000000,0,1,119,0.003632,0.060153,6941357,119,52258366976,56863596544,1.088124
proj_0_compact2,0,1295375,1295375,5275783,69330118,69330118,69330118,0,69330118,839.767386,0,0,0,6554,0.200012,false,0,0,0.000000,0,11,980,0.029907,0.408075,4887090,980,35497020416,40035041280,1.127842
proj_0_compact2,1,1111703,1111703,4621006,75717357,75717357,75717357,0,75717357,840.026733,0,0,0,6554,0.200012,false,0,0,0.000000,0,2,95,0.002899,0.059170,5194928,95,38767286784,42556850176,1.097752
proj_0_compact2,2,901443,901443,3805014,50138707,50138707,50138707,0,50138707,852.225834,0,0,0,6554,0.200012,false,0,0,0.000000,0,1,24,0.000732,0.027053,3548688,24,25671017984,29070852096,1.132439
proj_0_compact2,3,1473625,1473625,5112862,107363398,107363398,107363398,0,107363398,931.191680,0,0,0,6554,0.200012,false,0,0,0.000000,0,2,234,0.007141,0.092822,7288261,234,54970059776,59705434112,1.086145
prxy_0,0,5816256,5816256,896931,33387993,33387993,33387993,0,33387993,971.673202,0,0,0,6554,0.200012,false,0,0,0.000000,0,12,4543,0.138641,0.603870,6959969,4543,17094652416,57016066048,3.335316
prxy_0,1,3291360,3291360,1581186,27115084,27115084,27115084,0,27115084,966.366129,0,0,0,6554,0.200012,false,0,0,0.000000,0,5,3662,0.111755,0.469750,4313141,3662,13882923008,35333251072,2.545087
prxy_0,2,891192,891192,2280880,24979068,24979068,24979068,0,24979068,1037.418049,0,0,0,6554,0.200012,false,0,0,0.000000,0,0,0,0.000000,0.000000,1941443,0,12789282816,15904301056,1.243565
prxy_0,3,2695659,2695659,1630081,27339000,27339000,27339000,0,27339000,945.543031,0,0,0,6554,0.200012,false,0,0,0.000000,0,2,1487,0.045380,0.220938,3785226,1487,13997568000,31008571392,2.215283
prxy_0_compact,0,5845548,5845548,1073586,33956586,33956586,33956586,0,33956586,972.609474,0,0,0,6554,0.200012,false,0,0,0.000000,0,11,5683,0.173431,0.629122,7011900,5683,17385772032,57441484800,3.303936
prxy_0_compact,1,3291360,3291360,1581186,27115084,27115084,27115084,0,27115084,966.411693,0,0,0,6554,0.200012,false,0,0,0.000000,0,5,3690,0.112610,0.474009,4313142,3690,13882923008,35333259264,2.545088
prxy_0_compact,2,861900,861900,2104225,24410475,24410475,24410475,0,24410475,1041.293712,0,0,0,6554,0.200012,false,0,0,0.000000,0,0,0,0.000000,0.000000,1889512,0,12498163200,15478882304,1.238493
prxy_0_compact,3,2695659,2695659,1630081,27339000,27339000,27339000,0,27339000,945.481362,0,0,0,6554,0.200012,false,0,0,0.000000,0,2,1473,0.044952,0.223906,3785227,1473,13997568000,31008579584,2.215283
prxy_0_compact2,0,5850906,5850906,963899,33929630,33929630,33929630,0,33929630,974.348857,0,0,0,6554,0.200012,false,0,0,0.000000,0,12,4678,0.142761,0.588799,7015030,4678,17371970560,57467125760,3.308037
prxy_0_compact2,1,3291360,3291360,1581186,27115084,27115084,27115084,0,27115084,966.355824,0,0,0,6554,0.200012,false,0,0,0.000000,0,5,3661,0.111725,0.473349,4313139,3661,13882923008,35333234688,2.545086
prxy_0_compact2,2,856542,856542,2213912,24437431,24437431,24437431,0,24437431,1024.712807,0,0,0,6554,0.200012,false,0,0,0.000000,0,0,0,0.000000,0.000000,1886384,0,12511964672,15453257728,1.235078
prxy_0_compact2,3,2695659,2695659,1630081,27339000,27339000,27339000,0,27339000,945.527496,0,0,0,6554,0.200012,false,0,0,0.000000,0,2,1488,0.045410,0.222240,3785225,1488,13997568000,31008563200,2.215282
rsrch_1,0,5602,5602,362,105007,105007,105007,0,105007,887.181920,0,0,0,6554,0.200012,false,0,0,0.000000,0,0,0,0.000000,0.000000,9329,0,53763584,76423168,1.421467
rsrch_1,1,2891,2891,501,74180,74180,74180,4096,78276,893.843893,0,0,0,6554,0.200012,false,0,0,0.000000,0,0,0,0.000000,0.000000,6283,0,37980160,51470336,1.355190
rsrch_1,2,2827,2827,220,77136,77136,77136,4096,81232,889.786174,0,0,0,6554,0.200012,false,0,0,0.000000,0,0,0,0.000000,0.000000,6472,0,39493632,53018624,1.342460
rsrch_1,3,2920,2920,27,78074,78074,78074,4096,82170,899.888529,0,0,0,6554,0.200012,false,0,0,0.000000,0,0,0,0.000000,0.000000,6569,0,39973888,53813248,1.346210
src1_1,0,12756711,12756711,774172735,15060426,15060426,15060426,0,15060426,145.659225,0,0,0,6554,0.200012,false,0,0,0.000000,0,6,467,0.014252,0.228062,1273712,467,7710938112,10434248704,1.353175
src1_1,1,13068909,13068909,784155913,17308436,17308436,17308436,0,17308436,142.199866,0,0,0,6554,0.200012,false,0,0,0.000000,0,0,0,0.000000,0.000000,1395385,0,8861919232,11430993920,1.289900
src1_1,2,12818743,12818743,778862103,15553122,15553122,15553122,0,15553122,137.662822,0,0,0,6554,0.200012,false,0,0,0.000000,0,0,0,0.000000,0.000000,1252594,0,7963198464,10261250048,1.288584
src1_1,3,12817086,12817086,778492815,15724164,15724164,15724164,0,15724164,137.268378,0,0,0,6554,0.200012,false,0,0,0.000000,0,0,0,0.000000,0.000000,1262982,0,8050771968,10346348544,1.285137
src2_0,0,580675,580675,347630,6024988,6024988,6024988,0,6024988,2075.317448,0,0,0,6554,0.200012,false,0,0,0.000000,0,11,818,0.024963,0.409526,690470,818,3084793856,5656330240,1.833617
src2_0,1,309667,309667,762320,4492589,4492589,4492589,0,4492589,1201.964146,0,0,0,6554,0.200012,false,0,0,0.000000,0,0,0,0.000000,0.000000,435515,0,2300205568,3567738880,1.551052
src2_0,2,292724,292724,1053209,4533642,4533642,4533642,0,4533642,971.497616,0,0,0,6554,0.200012,false,0,0,0.000000,0,0,0,0.000000,0.000000,420132,0,2321224704,3441721344,1.482718
src2_0,3,392400,392400,701399,4535632,4535632,4535632,0,4535632,1128.729905,0,0,0,6554,0.200012,false,0,0,0.000000,0,0,0,0.000000,0.000000,486600,0,2322243584,3986227200,1.716541
web_3,0,9293,9293,377435,224307,224307,224307,0,224307,754.836437,0,0,0,6554,0.200012,false,0,0,0.000000,0,0,0,0.000000,0.000000,19784,0,114845184,162070528,1.411209
web_3,1,9043,9043,376190,222320,222320,222320,0,222320,718.382999,0,0,0,6554,0.200012,false,0,0,0.000000,0,0,0,0.000000,0.000000,19150,0,113827840,156876800,1.378194
web_3,2,8964,8964,375507,223743,223743,223743,0,223743,724.618238,0,0,0,6554,0.200012,false,0,0,0.000000,0,0,0,0.000000,0.000000,19280,0,114556416,157941760,1.378725
web_3,3,8730,8730,376093,218168,218168,218168,0,218168,723.283779,0,0,0,6554,0.200012,false,0,0,0.000000,0,0,0,0.000000,0.000000,18869,0,111702016,154574848,1.383814
